{
  "2.shanghai" : {
    "transaction" : "2.shanghai",
    "sampleCount" : 30,
    "errorCount" : 0,
    "errorPct" : 0.0,
    "meanResTime" : 57.300000000000004,
    "medianResTime" : 58.0,
    "minResTime" : 31.0,
    "maxResTime" : 92.0,
    "pct1ResTime" : 82.60000000000001,
    "pct2ResTime" : 91.45,
    "pct3ResTime" : 92.0,
    "throughput" : 4.145364101146884,
    "receivedKBytesPerSec" : 2.5542837588088987,
    "sentKBytesPerSec" : 0.8339306687854083
  },
  "Total" : {
    "transaction" : "Total",
    "sampleCount" : 85,
    "errorCount" : 0,
    "errorPct" : 0.0,
    "meanResTime" : 65.48235294117646,
    "medianResTime" : 62.0,
    "minResTime" : 31.0,
    "maxResTime" : 163.0,
    "pct1ResTime" : 86.20000000000005,
    "pct2ResTime" : 115.00000000000006,
    "pct3ResTime" : 163.0,
    "throughput" : 9.55270847381434,
    "receivedKBytesPerSec" : 5.856082476399191,
    "sentKBytesPerSec" : 1.9217362750056193
  },
  "1.shenzhen" : {
    "transaction" : "1.shenzhen",
    "sampleCount" : 30,
    "errorCount" : 0,
    "errorPct" : 0.0,
    "meanResTime" : 72.53333333333333,
    "medianResTime" : 70.0,
    "minResTime" : 33.0,
    "maxResTime" : 163.0,
    "pct1ResTime" : 124.60000000000001,
    "pct2ResTime" : 145.39999999999998,
    "pct3ResTime" : 163.0,
    "throughput" : 4.074979625101874,
    "receivedKBytesPerSec" : 2.498312703748981,
    "sentKBytesPerSec" : 0.8197712917685411
  },
  "3.beijing" : {
    "transaction" : "3.beijing",
    "sampleCount" : 25,
    "errorCount" : 0,
    "errorPct" : 0.0,
    "meanResTime" : 66.84000000000002,
    "medianResTime" : 69.0,
    "minResTime" : 38.0,
    "maxResTime" : 101.0,
    "pct1ResTime" : 81.4,
    "pct2ResTime" : 95.29999999999998,
    "pct3ResTime" : 101.0,
    "throughput" : 3.758833258156668,
    "receivedKBytesPerSec" : 2.289804869568486,
    "sentKBytesPerSec" : 0.756171534355736
  }
}