{
  "2.shanghai" : {
    "transaction" : "2.shanghai",
    "sampleCount" : 90,
    "errorCount" : 0,
    "errorPct" : 0.0,
    "meanResTime" : 64.14444444444445,
    "medianResTime" : 57.5,
    "minResTime" : 27.0,
    "maxResTime" : 189.0,
    "pct1ResTime" : 96.60000000000002,
    "pct2ResTime" : 122.9,
    "pct3ResTime" : 189.0,
    "throughput" : 12.536564981195152,
    "receivedKBytesPerSec" : 7.722583881808051,
    "sentKBytesPerSec" : 2.5220042833263685
  },
  "Total" : {
    "transaction" : "Total",
    "sampleCount" : 256,
    "errorCount" : 0,
    "errorPct" : 0.0,
    "meanResTime" : 68.46875000000004,
    "medianResTime" : 60.0,
    "minResTime" : 27.0,
    "maxResTime" : 189.0,
    "pct1ResTime" : 120.0,
    "pct2ResTime" : 141.79999999999973,
    "pct3ResTime" : 169.43,
    "throughput" : 28.783449516527998,
    "receivedKBytesPerSec" : 17.642358085507084,
    "sentKBytesPerSec" : 5.790420508207781
  },
  "1.shenzhen" : {
    "transaction" : "1.shenzhen",
    "sampleCount" : 90,
    "errorCount" : 0,
    "errorPct" : 0.0,
    "meanResTime" : 78.24444444444443,
    "medianResTime" : 61.5,
    "minResTime" : 30.0,
    "maxResTime" : 170.0,
    "pct1ResTime" : 152.9,
    "pct2ResTime" : 160.0,
    "pct3ResTime" : 170.0,
    "throughput" : 12.271611671666212,
    "receivedKBytesPerSec" : 7.523286235342242,
    "sentKBytesPerSec" : 2.4687031292609762
  },
  "3.beijing" : {
    "transaction" : "3.beijing",
    "sampleCount" : 76,
    "errorCount" : 0,
    "errorPct" : 0.0,
    "meanResTime" : 62.013157894736835,
    "medianResTime" : 58.5,
    "minResTime" : 30.0,
    "maxResTime" : 120.0,
    "pct1ResTime" : 88.0,
    "pct2ResTime" : 97.7999999999999,
    "pct3ResTime" : 120.0,
    "throughput" : 11.487303506650543,
    "receivedKBytesPerSec" : 6.997418663089481,
    "sentKBytesPerSec" : 2.310922385126965
  }
}