{
  "2.shanghai" : {
    "transaction" : "2.shanghai",
    "sampleCount" : 60,
    "errorCount" : 0,
    "errorPct" : 0.0,
    "meanResTime" : 69.35,
    "medianResTime" : 55.0,
    "minResTime" : 32.0,
    "maxResTime" : 268.0,
    "pct1ResTime" : 161.09999999999997,
    "pct2ResTime" : 199.9499999999999,
    "pct3ResTime" : 268.0,
    "throughput" : 8.25082508250825,
    "receivedKBytesPerSec" : 5.08344291460396,
    "sentKBytesPerSec" : 1.6598339521452146
  },
  "Total" : {
    "transaction" : "Total",
    "sampleCount" : 171,
    "errorCount" : 0,
    "errorPct" : 0.0,
    "meanResTime" : 67.62573099415201,
    "medianResTime" : 57.0,
    "minResTime" : 32.0,
    "maxResTime" : 268.0,
    "pct1ResTime" : 107.20000000000005,
    "pct2ResTime" : 140.40000000000003,
    "pct3ResTime" : 224.80000000000007,
    "throughput" : 19.256756756756758,
    "receivedKBytesPerSec" : 11.805298951295043,
    "sentKBytesPerSec" : 3.8739178631756754
  },
  "1.shenzhen" : {
    "transaction" : "1.shenzhen",
    "sampleCount" : 60,
    "errorCount" : 0,
    "errorPct" : 0.0,
    "meanResTime" : 78.64999999999998,
    "medianResTime" : 73.0,
    "minResTime" : 34.0,
    "maxResTime" : 151.0,
    "pct1ResTime" : 127.9,
    "pct2ResTime" : 138.0,
    "pct3ResTime" : 151.0,
    "throughput" : 8.109203946479253,
    "receivedKBytesPerSec" : 4.972430818353832,
    "sentKBytesPerSec" : 1.631343762670631
  },
  "3.beijing" : {
    "transaction" : "3.beijing",
    "sampleCount" : 51,
    "errorCount" : 0,
    "errorPct" : 0.0,
    "meanResTime" : 52.62745098039216,
    "medianResTime" : 49.0,
    "minResTime" : 32.0,
    "maxResTime" : 103.0,
    "pct1ResTime" : 72.80000000000001,
    "pct2ResTime" : 79.8,
    "pct3ResTime" : 103.0,
    "throughput" : 7.685352622061482,
    "receivedKBytesPerSec" : 4.682525947483423,
    "sentKBytesPerSec" : 1.5460767970162748
  }
}